Page Name,Beginning Of Interval,Page Likes,Page Like Growth,Followers,Follower Growth,Post Count,Total Interactions,Interaction Growth,Interaction Rate,Interactions Per Post,Comments,Shares,Total Reactions (including Likes),Likes,Angry,Haha,Wow,Sad,Love,Photo Posts,Photo Interactions,Photo Interaction Rate,Link Posts,Link Interactions,Link Interaction Rate,Status Posts,Status Interactions,Status Interaction Rate,Facebook Video Posts (excluding Live),Facebook Video Interactions (excluding Live),Facebook Video Interaction Rate (excluding Live),Facebook Live Video Posts,Facebook Live Interactions,Facebook Live Interaction Rate
Facebook 360,2022-01-01 00:00:00.000000000,3409879,0.01%,3511083,0%,0,0,0%,0%,,0,0,0,0,0,0,0,0,0,0,0,,0,0,,0,0,,0,0,,0,0,
Facebook,2022-01-06 15:27:50.103092783,178009471,0.80%,178318547,0.80%,0,0,0%,0%,,0,0,0,0,0,0,0,0,0,0,0,,0,0,,0,0,,0,0,,0,0,
Facebook,2022-01-12 06:55:40.206185567,177997606,0.79%,178563285,0.80%,0,0,0%,0%,,0,0,0,0,0,0,0,0,0,0,0,,0,0,,0,0,,0,0,,0,0,
Facebook,2022-01-17 22:23:30.309278350,178009511,0.80%,178009598,0.80%,0,0,0%,0%,,0,0,0,0,0,0,0,0,0,0,0,,0,0,,0,0,,0,0,,0,0,
Facebook for Creators,2022-01-23 13:51:20.412371134,533984,8.74%,643159,5.05%,17,25256,0%,0.23%,"1,485.65",6663,894,17699,13781,23,43,90,11,3389,16,23822,0.28%,0,0,,0,0,,1,1434,0.27%,0,0,
Facebook Public Affairs,2022-01-29 05:19:10.515463917,6614,4.14%,8224,3.63%,0,0,0%,0%,,0,0,0,0,0,0,0,0,0,0,0,,0,0,,0,0,,0,0,,0,0,
Facebook Marketing Expert Reminder,2022-02-03 20:47:00.618556701,34151,1.32%,37019,1.25%,0,0,0%,0%,,0,0,0,0,0,0,0,0,0,0,0,,0,0,,0,0,,0,0,,0,0,
Facebook Community,2022-02-09 12:14:50.721649484,453899,0.59%,587702,0.32%,9,3445,0%,0.06%,382.78,962,158,2325,1693,3,5,15,0,541,1,259,0.06%,0,0,,0,0,,8,3186,0.09%,0,0,
Facebook Gaming,2022-02-15 03:42:40.824742268,10626285,0.07%,12839975,0.17%,45,17396,0%,0%,386.58,3071,1041,13284,9991,36,1432,88,15,1570,22,8994,0.00%,1,150,0.00%,2,318,0.00%,12,4325,0.00%,8,3609,0.00%
Facebook,2022-02-20 19:10:30.927835051,178009435,0.80%,182312496,0.79%,3,21940,0%,0%,"7,313.33",4654,1259,16027,12743,149,293,72,62,2497,0,0,,0,0,,0,0,,0,0,,3,21940,0.00%
Facebook,2022-02-26 10:38:21.030927835,178009451,0.80%,178018090,0.80%,0,0,0%,0%,,0,0,0,0,0,0,0,0,0,0,0,,0,0,,0,0,,0,0,,0,0,
Facebook Security,2022-03-04 02:06:11.134020618,9051362,0.02%,9151914,0.04%,0,0,0%,0%,,0,0,0,0,0,0,0,0,0,0,0,,0,0,,0,0,,0,0,,0,0,
Cricket on Facebook,2022-03-09 17:34:01.237113402,18822565,-0.05%,19012805,-0.05%,8,1562,0%,0%,195.25,107,37,1418,1330,0,20,2,0,58,0,0,,0,0,,0,0,,3,760,0.00%,5,802,8.50E-06
Facebook,2022-03-15 09:01:51.340206186,178009521,0.80%,178168238,0.80%,1,2599,0%,0%,"2,599",609,460,1530,1327,23,31,5,3,131,0,0,,0,0,,0,0,,1,2599,0.00%,0,0,
Facebook Marketplace Community,2022-03-21 00:29:41.443298969,18983809,0.67%,21380980,0.66%,13,14825,0%,0.01%,"1,140.38",3211,327,11287,10024,17,356,66,14,744,11,12968,0.01%,0,0,,0,0,,2,1857,0.00%,0,0,
Facebook Public Affairs,2022-03-26 15:57:31.546391752,7249,9.60%,9360,13.81%,9,390,0%,0.46%,43.33,54,58,278,211,11,9,0,1,36,2,79,0.54%,0,0,,0,0,,7,311,0.61%,0,0,
Facebook,2022-04-01 07:25:21.649484536,176516866,-0.84%,176516966,-0.84%,0,0,0%,0%,,0,0,0,0,0,0,0,0,0,0,0,,0,0,,0,0,,0,0,,0,0,
Facebook,2022-04-06 22:53:11.752577320,176511452,-0.84%,176520170,-0.84%,0,0,0%,0%,,0,0,0,0,0,0,0,0,0,0,0,,0,0,,0,0,,0,0,,0,0,
Facebook,2022-04-12 14:21:01.855670103,176511550,-0.83%,177067766,-0.84%,0,0,0%,0%,,0,0,0,0,0,0,0,0,0,0,0,,0,0,,0,0,,0,0,,0,0,
Facebook Marketing Expert Reminder,2022-04-18 05:48:51.958762886,34777,1.83%,37669,1.76%,0,0,0%,0%,,0,0,0,0,0,0,0,0,0,0,0,,0,0,,0,0,,0,0,,0,0,
Cricket on Facebook,2022-04-23 21:16:42.061855670,18822529,0%,19013008,0%,9,3227,106.59%,0%,358.56,295,138,2794,2581,1,10,2,0,184,0,0,,0,0,,0,0,,5,2570,0.00%,4,657,8.71E-06
Facebook Security,2022-04-29 12:44:32.164948454,9056845,0.06%,9158798,0.08%,0,0,0%,0%,,0,0,0,0,0,0,0,0,0,0,0,,0,0,,0,0,,0,0,,0,0,
Facebook,2022-05-05 04:12:22.268041236,176516857,-0.84%,176677457,-0.84%,0,0,-100%,0%,,0,0,0,0,0,0,0,0,0,0,0,,0,0,,0,0,,0,0,,0,0,
Facebook for Creators,2022-05-10 19:40:12.371134020,615452,15.26%,713338,10.91%,2,6873,-72.79%,0.48%,"3,436.50",1806,372,4695,3879,5,8,20,2,711,1,4311,0.70%,0,0,,0,0,,1,2562,0.42%,0,0,
Facebook Marketplace Community,2022-05-16 11:08:02.474226804,19132894,0.79%,21548017,0.78%,13,12877,-13.14%,0%,990.54,2054,433,10390,9538,22,28,28,3,704,8,7819,0.01%,0,0,,0,0,,5,5058,0.01%,0,0,
Facebook Gaming,2022-05-22 02:35:52.577319588,10647760,0.20%,12877754,0.29%,38,12953,-25.54%,0%,340.87,3057,675,9221,7647,25,209,48,10,1178,18,5726,0.00%,3,344,0.00%,9,1041,0.00%,5,1872,0.00%,3,3970,0.01%
Facebook,2022-05-27 18:03:42.680412372,176516967,-0.84%,176825905,-0.84%,0,0,0%,0%,,0,0,0,0,0,0,0,0,0,0,0,,0,0,,0,0,,0,0,,0,0,
Facebook 360,2022-06-02 09:31:32.783505154,3412371,0.07%,3513214,0.06%,0,0,0%,0%,,0,0,0,0,0,0,0,0,0,0,0,,0,0,,0,0,,0,0,,0,0,
Facebook,2022-06-08 00:59:22.886597938,176514197,-0.84%,180843429,-0.81%,0,0,-100%,0%,,0,0,0,0,0,0,0,0,0,0,0,,0,0,,0,0,,0,0,,0,0,
Facebook Community,2022-06-13 16:27:12.989690722,456143,0.49%,588983,0.22%,5,2422,-29.70%,0.08%,484.4,713,98,1611,1247,1,10,11,1,284,2,1477,0.16%,0,0,,0,0,,3,945,0.07%,0,0,
Facebook for Creators,2022-06-19 07:55:03.092783504,753352,22.41%,827630,16.02%,5,12248,78.20%,0.30%,"2,449.60",3055,788,8405,6917,27,49,98,6,1196,3,9754,0.43%,0,0,,0,0,,2,2494,0.17%,0,0,
Facebook,2022-06-24 23:22:53.195876288,177748527,0.70%,178057148,0.70%,0,0,0%,0%,,0,0,0,0,0,0,0,0,0,0,0,,0,0,,0,0,,0,0,,0,0,
Facebook,2022-06-30 14:50:43.298969072,177747240,0.70%,178305542,0.70%,0,0,0%,0%,,0,0,0,0,0,0,0,0,0,0,0,,0,0,,0,0,,0,0,,0,0,
Facebook 360,2022-07-06 06:18:33.402061856,3417007,0.14%,3517468,0.12%,0,0,0%,0%,,0,0,0,0,0,0,0,0,0,0,0,,0,0,,0,0,,0,0,,0,0,
Cricket on Facebook,2022-07-11 21:46:23.505154640,18831134,0.05%,19024068,0.06%,2,548,-83.02%,0%,274,76,35,437,421,1,0,0,0,13,0,0,,0,0,,0,0,,0,0,,2,548,0.00%
Facebook,2022-07-17 13:14:13.608247422,177746774,0.70%,177746928,0.70%,0,0,0%,0%,,0,0,0,0,0,0,0,0,0,0,0,,0,0,,0,0,,0,0,,0,0,
Facebook,2022-07-23 04:42:03.711340206,177747248,0.70%,177756066,0.70%,0,0,0%,0%,,0,0,0,0,0,0,0,0,0,0,0,,0,0,,0,0,,0,0,,0,0,
Facebook Public Affairs,2022-07-28 20:09:53.814432988,7653,5.57%,10115,8.07%,1,78,-80%,0.77%,78,19,8,51,36,1,3,2,0,4,0,0,,0,0,,0,0,,1,78,1.02%,0,0,
Facebook Community,2022-08-03 11:37:43.917525772,458747,0.57%,590409,0.24%,8,3412,40.88%,0.07%,426.5,1139,109,2164,1555,2,7,12,3,482,3,1303,0.09%,1,983,0.21%,0,0,,4,1126,0.06%,0,0,
Facebook Marketing Expert Reminder,2022-08-09 03:05:34.020618556,35472,2%,38380,1.89%,0,0,0%,0%,,0,0,0,0,0,0,0,0,0,0,0,,0,0,,0,0,,0,0,,0,0,
Facebook Security,2022-08-14 18:33:24.123711340,9062384,0.06%,9165484,0.07%,0,0,0%,0%,,0,0,0,0,0,0,0,0,0,0,0,,0,0,,0,0,,0,0,,0,0,
Facebook Gaming,2022-08-20 10:01:14.226804124,10672661,0.23%,12923949,0.36%,81,47706,268.30%,0%,588.96,8705,2912,36089,27895,116,3634,164,64,3856,63,28590,0.00%,0,0,,3,260,8.06E-06,1,454,0.00%,14,18402,0.01%
Facebook,2022-08-26 01:29:04.329896908,177746923,0.70%,182103412,0.70%,4,40865,0%,0.01%,"10,216.25",10122,1071,29672,26022,170,437,90,39,2630,1,9246,0.01%,1,8834,0.00%,0,0,,2,22785,0.01%,0,0,
Facebook Marketplace Community,2022-08-31 16:56:54.432989692,19215804,0.43%,21638497,0.42%,10,15646,21.50%,0.01%,"1,564.60",2521,665,12460,11257,15,30,77,7,1020,8,13477,0.01%,0,0,,0,0,,2,2169,0.01%,0,0,
Facebook,2022-09-06 08:24:44.536082472,177746744,0.70%,177907906,0.70%,0,0,0%,0%,,0,0,0,0,0,0,0,0,0,0,0,,0,0,,0,0,,0,0,,0,0,
Facebook,2022-09-11 23:52:34.639175256,177647912,-0.06%,177844808,-0.04%,0,0,0%,0%,,0,0,0,0,0,0,0,0,0,0,0,,0,0,,0,0,,0,0,,0,0,
Facebook Community,2022-09-17 15:20:24.742268040,460009,0.28%,590797,0.07%,14,13432,293.67%,0.16%,959.43,6079,519,6834,4586,16,19,44,5,1984,3,1117,0.08%,1,637,0.14%,0,0,,9,3324,0.08%,1,8354,1.82%
Facebook for Creators,2022-09-23 06:48:14.845360824,979583,30.03%,1040568,25.73%,8,19776,61.46%,0.24%,"2,472",5568,646,13562,11190,20,29,56,10,2112,4,10655,0.27%,0,0,,0,0,,4,9121,0.23%,0,0,
Facebook,2022-09-28 22:16:04.948453608,177672195,-0.04%,177992085,-0.04%,0,0,0%,0%,,0,0,0,0,0,0,0,0,0,0,0,,0,0,,0,0,,0,0,,0,0,
Facebook Gaming,2022-10-04 13:43:55.051546392,10645360,-0.26%,12907401,-0.13%,27,6197,-87.01%,0%,229.52,628,301,5268,4630,6,48,31,2,491,20,3706,0.00%,2,582,0.00%,0,0,,3,1589,0.00%,2,320,0.00%
Facebook Marketplace Community,2022-10-10 05:11:45.154639176,19296581,0.42%,21726313,0.41%,12,10428,-33.35%,0%,869,2042,580,7806,7206,8,48,32,5,492,3,2970,0.01%,0,0,,0,0,,9,7458,0.00%,0,0,
Facebook Public Affairs,2022-10-15 20:39:35.257731960,7633,-0.26%,10223,1.07%,3,277,255.13%,0.90%,92.33,86,19,172,149,3,4,2,0,13,0,0,,0,0,,0,0,,3,277,1.21%,0,0,
Cricket on Facebook,2022-10-21 12:07:25.360824744,18774506,-0.30%,18968193,-0.29%,5,1941,254.20%,0%,388.2,120,110,1711,1435,2,9,145,0,115,0,0,,0,0,,0,0,,5,1941,0.00%,0,0,
Facebook 360,2022-10-27 03:35:15.463917524,3416259,-0.02%,3516222,-0.04%,0,0,0%,0%,,0,0,0,0,0,0,0,0,0,0,0,,0,0,,0,0,,0,0,,0,0,
Facebook,2022-11-01 19:03:05.567010308,177694943,-0.03%,177703735,-0.03%,0,0,0%,0%,,0,0,0,0,0,0,0,0,0,0,0,,0,0,,0,0,,0,0,,0,0,
Facebook,2022-11-07 10:30:55.670103092,177695342,-0.03%,182082164,-0.01%,12,217131,431.34%,0.01%,"18,094.25",84153,11280,121698,97497,1559,2108,383,222,18433,2,16067,0.00%,1,7393,0.00%,0,0,,7,74627,0.01%,2,119044,0.03%
Facebook,2022-11-13 01:58:45.773195876,177694944,-0.03%,178255542,-0.03%,0,0,0%,0%,,0,0,0,0,0,0,0,0,0,0,0,,0,0,,0,0,,0,0,,0,0,
Facebook,2022-11-18 17:26:35.876288660,177647918,-0.06%,177648067,-0.06%,0,0,0%,0%,,0,0,0,0,0,0,0,0,0,0,0,,0,0,,0,0,,0,0,,0,0,
Facebook Security,2022-11-24 08:54:25.979381444,9010510,-0.57%,9114456,-0.56%,0,0,0%,0%,,0,0,0,0,0,0,0,0,0,0,0,,0,0,,0,0,,0,0,,0,0,
Facebook Marketing Expert Reminder,2022-11-30 00:22:16.082474228,36191,2.03%,39119,1.93%,0,0,0%,0%,,0,0,0,0,0,0,0,0,0,0,0,,0,0,,0,0,,0,0,,0,0,
Cricket on Facebook,2022-12-05 15:50:06.185567008,18775199,0%,18970976,0.01%,5,4875,151.16%,0.01%,975,243,291,4341,3784,0,182,31,0,326,0,0,,0,0,,0,0,,5,4875,0.01%,0,0,
Facebook 360,2022-12-11 07:17:56.288659792,3413752,-0.07%,3513191,-0.09%,0,0,0%,0%,,0,0,0,0,0,0,0,0,0,0,0,,0,0,,0,0,,0,0,,0,0,
Facebook,2022-12-16 22:45:46.391752576,178844475,0.65%,178881924,0.66%,0,0,0%,0%,,0,0,0,0,0,0,0,0,0,0,0,,0,0,,0,0,,0,0,,0,0,
Facebook Marketplace Community,2022-12-22 14:13:36.494845360,19346817,0.26%,21781920,0.26%,10,9288,-10.93%,0%,928.8,2237,724,6327,5827,9,46,7,6,413,5,5535,0.01%,0,0,,0,0,,5,3753,0.00%,0,0,
Facebook Gaming,2022-12-28 05:41:26.597938144,10647955,0.02%,12920377,0.10%,10,4757,-23.24%,0%,475.7,1247,246,3264,2780,23,25,15,2,379,5,1433,0.00%,3,1239,0.00%,0,0,,1,538,0.01%,1,1547,0.01%
Facebook,2023-01-02 21:09:16.701030928,178871216,0.66%,183278383,0.66%,0,0,-100%,0%,,0,0,0,0,0,0,0,0,0,0,0,,0,0,,0,0,,0,0,,0,0,
Facebook Security,2023-01-08 12:37:06.804123712,9010352,0%,9115652,0.01%,0,0,0%,0%,,0,0,0,0,0,0,0,0,0,0,0,,0,0,,0,0,,0,0,,0,0,
Facebook,2023-01-14 04:04:56.907216496,178871604,0.69%,179032970,0.67%,0,0,0%,0%,,0,0,0,0,0,0,0,0,0,0,0,,0,0,,0,0,,0,0,,0,0,
Facebook Community,2023-01-19 19:32:47.010309280,460476,0.10%,590653,-0.02%,10,3723,-72.28%,0.06%,372.3,1410,163,2150,1755,4,3,4,1,343,2,925,0.10%,0,0,,0,0,,8,2798,0.08%,0,0,
Facebook Marketing Expert Reminder,2023-01-25 11:00:37.113402060,37032,2.32%,40011,2.28%,0,0,0%,0%,,0,0,0,0,0,0,0,0,0,0,0,,0,0,,0,0,,0,0,,0,0,
Facebook,2023-01-31 02:28:27.216494844,178860283,0.67%,179182108,0.67%,0,0,0%,0%,,0,0,0,0,0,0,0,0,0,0,0,,0,0,,0,0,,0,0,,0,0,
Facebook,2023-02-05 17:56:17.319587628,178857288,0.68%,178871851,0.69%,0,0,0%,0%,,0,0,0,0,0,0,0,0,0,0,0,,0,0,,0,0,,0,0,,0,0,
Facebook,2023-02-11 09:24:07.422680412,178857619,0.65%,179434433,0.66%,0,0,0%,0%,,0,0,0,0,0,0,0,0,0,0,0,,0,0,,0,0,,0,0,,0,0,
Facebook Public Affairs,2023-02-17 00:51:57.525773196,7621,-0.16%,10256,0.32%,0,0,-100%,0%,,0,0,0,0,0,0,0,0,0,0,0,,0,0,,0,0,,0,0,,0,0,
Facebook for Creators,2023-02-22 16:19:47.628865976,1128664,15.22%,1190543,14.41%,40,99550,403.39%,0.21%,"2,488.75",22015,4033,73502,57293,24,121,324,32,14794,6,15616,0.23%,0,0,,0,0,,34,83934,0.22%,0,0,
Facebook Public Affairs,2023-02-28 07:47:37.731958760,7606,-0.20%,10292,0.35%,0,0,0%,0%,,0,0,0,0,0,0,0,0,0,0,0,,0,0,,0,0,,0,0,,0,0,
Cricket on Facebook,2023-03-05 23:15:27.835051544,18760052,-0.08%,18956558,-0.08%,27,5312,8.96%,0%,196.74,232,252,4828,4304,2,160,28,7,299,0,0,,0,0,,0,0,,27,5312,0.00%,0,0,
Facebook 360,2023-03-11 14:43:17.938144328,3411473,-0.07%,3510416,-0.08%,0,0,0%,0%,,0,0,0,0,0,0,0,0,0,0,0,,0,0,,0,0,,0,0,,0,0,
Facebook,2023-03-17 06:11:08.041237112,177614053,-0.69%,177623049,-0.70%,0,0,0%,0%,,0,0,0,0,0,0,0,0,0,0,0,,0,0,,0,0,,0,0,,0,0,
Facebook,2023-03-22 21:38:58.144329896,177619402,-0.69%,177926432,-0.70%,0,0,0%,0%,,0,0,0,0,0,0,0,0,0,0,0,,0,0,,0,0,,0,0,,0,0,
Facebook for Creators,2023-03-28 13:06:48.247422680,1193325,5.73%,1255756,5.48%,2,22779,-77.12%,0.91%,"11,389.50",7115,938,14726,11045,5,7,107,3,3365,1,16793,1.41%,0,0,,0,0,,1,5986,0.50%,0,0,
Facebook Marketplace Community,2023-04-03 04:34:38.350515464,19409208,0.32%,21851130,0.32%,12,11725,26.24%,0%,977.08,2556,622,8547,7730,2,41,14,4,707,9,9419,0.01%,0,0,,0,0,,3,2306,0.00%,0,0,
Facebook Gaming,2023-04-08 20:02:28.453608248,10643903,-0.04%,12917437,-0.02%,10,4869,2.35%,0%,486.9,570,329,3970,3438,8,12,6,6,429,2,588,0.00%,1,456,0.00%,0,0,,7,3825,0.01%,0,0,
Facebook,2023-04-14 11:30:18.556701032,177605488,-0.71%,182051145,-0.67%,1,26176,0%,0.01%,"26,176",7687,994,17495,15423,69,80,37,18,1723,0,0,,0,0,,0,0,,1,26176,0.01%,0,0,
Facebook Security,2023-04-20 02:58:08.659793816,9006791,-0.04%,9113762,-0.02%,0,0,0%,0%,,0,0,0,0,0,0,0,0,0,0,0,,0,0,,0,0,,0,0,,0,0,
Facebook,2023-04-25 18:25:58.762886600,177620028,-0.69%,177620400,-0.70%,0,0,0%,0%,,0,0,0,0,0,0,0,0,0,0,0,,0,0,,0,0,,0,0,,0,0,
Facebook Marketing Expert Reminder,2023-05-01 09:53:48.865979384,38120,2.94%,41138,2.82%,0,0,0%,0%,,0,0,0,0,0,0,0,0,0,0,0,,0,0,,0,0,,0,0,,0,0,
Facebook Community,2023-05-07 01:21:38.969072168,460838,0.08%,590541,-0.02%,1,1529,-58.93%,0.26%,"1,529",1064,37,428,338,0,2,2,1,78,1,1529,0.33%,0,0,,0,0,,0,0,,0,0,
Facebook,2023-05-12 16:49:29.072164944,177612727,-0.70%,178177227,-0.70%,0,0,0%,0%,,0,0,0,0,0,0,0,0,0,0,0,,0,0,,0,0,,0,0,,0,0,
Facebook,2023-05-18 08:17:19.175257728,177616377,-0.70%,177777959,-0.70%,0,0,0%,0%,,0,0,0,0,0,0,0,0,0,0,0,,0,0,,0,0,,0,0,,0,0,
Facebook Marketplace Community,2023-05-23 23:45:09.278350512,19508346,0.51%,21955952,0.48%,12,15475,31.98%,0.01%,"1,289.58",3984,440,11051,9906,11,145,101,8,831,10,14035,0.01%,0,0,,0,0,,2,1440,0.00%,0,0,
Facebook Security,2023-05-29 15:12:59.381443296,9008277,0.02%,9116606,0.03%,0,0,0%,0%,,0,0,0,0,0,0,0,0,0,0,0,,0,0,,0,0,,0,0,,0,0,
Facebook for Creators,2023-06-04 06:40:49.484536080,1207204,1.16%,1265915,0.81%,2,5182,-77.25%,0.20%,"2,591",1570,125,3487,2662,2,1,20,1,753,2,5182,0.21%,0,0,,0,0,,0,0,,0,0,
Facebook,2023-06-09 22:08:39.587628864,179390295,1%,179390782,1%,0,0,0%,0%,,0,0,0,0,0,0,0,0,0,0,0,,0,0,,0,0,,0,0,,0,0,
Facebook,2023-06-15 13:36:29.690721648,179391678,1%,179400760,1%,0,0,0%,0%,,0,0,0,0,0,0,0,0,0,0,0,,0,0,,0,0,,0,0,,0,0,
Cricket on Facebook,2023-06-21 05:04:19.793814432,18752520,-0.04%,18949852,-0.04%,30,4603,-13.35%,0%,153.43,325,103,4175,3812,3,96,44,0,199,0,0,,0,0,,0,0,,30,4603,8.16E-06,0,0,
Facebook Community,2023-06-26 20:32:09.896907216,462010,0.25%,591016,0.08%,0,0,-100%,0%,,0,0,0,0,0,0,0,0,0,0,0,,0,0,,0,0,,0,0,,0,0,
Facebook,2023-07-02 12:00:00.000000000,179390225,1%,179551838,1%,0,0,0%,0%,,0,0,0,0,0,0,0,0,0,0,0,,0,0,,0,0,,0,0,,0,0,
Facebook,2023-07-08 03:27:50.103092784,179390593,1%,179957021,1%,0,0,0%,0%,,0,0,0,0,0,0,0,0,0,0,0,,0,0,,0,0,,0,0,,0,0,
Facebook 360,2023-07-13 18:55:40.206185568,3410406,-0.03%,3487373,-0.66%,0,0,0%,0%,,0,0,0,0,0,0,0,0,0,0,0,,0,0,,0,0,,0,0,,0,0,
Facebook Marketing Expert Reminder,2023-07-19 10:23:30.309278352,39224,2.90%,42283,2.78%,0,0,0%,0%,,0,0,0,0,0,0,0,0,0,0,0,,0,0,,0,0,,0,0,,0,0,
Facebook,2023-07-25 01:51:20.412371136,179392868,1%,179699584,1%,0,0,0%,0%,,0,0,0,0,0,0,0,0,0,0,0,,0,0,,0,0,,0,0,,0,0,
Facebook,2023-07-30 17:19:10.515463920,179375553,1%,183858070,0.99%,2,20122,-23.13%,0.01%,"10,061",5924,886,13312,11792,86,60,33,12,1180,0,0,,0,0,,0,0,,2,20122,0.01%,0,0,
Facebook Gaming,2023-08-05 08:47:00.618556704,10647417,0.03%,12929667,0.09%,3,5130,5.36%,0.01%,"1,710",1476,318,3336,2814,9,16,5,3,427,0,0,,0,0,,0,0,,2,3048,0.01%,1,2082,0.02%
Facebook Public Affairs,2023-08-11 00:14:50.721649488,7600,-0.08%,10317,0.24%,0,0,0%,0%,,0,0,0,0,0,0,0,0,0,0,0,,0,0,,0,0,,0,0,,0,0,
Facebook,2023-08-16 15:42:40.824742264,180602256,0.68%,180763862,0.68%,0,0,0%,0%,,0,0,0,0,0,0,0,0,0,0,0,,0,0,,0,0,,0,0,,0,0,
Facebook Public Affairs,2023-08-22 07:10:30.927835048,7947,4.57%,10986,6.48%,0,0,0%,0%,,0,0,0,0,0,0,0,0,0,0,0,,0,0,,0,0,,0,0,,0,0,
Facebook,2023-08-27 22:38:21.030927832,180597679,0.67%,180598248,0.67%,0,0,0%,0%,,0,0,0,0,0,0,0,0,0,0,0,,0,0,,0,0,,0,0,,0,0,
Facebook,2023-09-02 14:06:11.134020616,180597681,0.67%,181165676,0.67%,0,0,0%,0%,,0,0,0,0,0,0,0,0,0,0,0,,0,0,,0,0,,0,0,,0,0,
Facebook Marketing Expert Reminder,2023-09-08 05:34:01.237113400,40954,4.41%,44250,4.65%,0,0,0%,0%,,0,0,0,0,0,0,0,0,0,0,0,,0,0,,0,0,,0,0,,0,0,
Facebook,2023-09-13 21:01:51.340206184,180599147,0.68%,185249846,0.76%,2,40308,100.32%,0.01%,"20,154",15017,1394,23897,21241,160,150,98,40,1961,0,0,,0,0,,0,0,,2,40308,0.01%,0,0,
Facebook Security,2023-09-19 12:29:41.443298968,9009873,0.02%,9121587,0.05%,0,0,0%,0%,,0,0,0,0,0,0,0,0,0,0,0,,0,0,,0,0,,0,0,,0,0,
Facebook Marketplace Community,2023-09-25 03:57:31.546391752,19601805,0.48%,22052302,0.44%,13,12143,-21.53%,0%,934.08,3190,337,8616,7728,35,139,34,4,628,6,7435,0.01%,0,0,,0,0,,7,4708,0.00%,0,0,
Facebook Gaming,2023-09-30 19:25:21.649484536,10646073,-0.01%,12933936,0.03%,0,0,-100%,0%,,0,0,0,0,0,0,0,0,0,0,0,,0,0,,0,0,,0,0,,0,0,
Cricket on Facebook,2023-10-06 10:53:11.752577320,18745278,-0.04%,18943240,-0.03%,17,3346,-27.31%,0%,196.82,307,104,2935,2679,1,22,6,4,204,0,0,,0,0,,0,0,,17,3346,0.00%,0,0,
Facebook,2023-10-12 02:21:01.855670104,180597747,0.67%,180904311,0.67%,0,0,0%,0%,,0,0,0,0,0,0,0,0,0,0,0,,0,0,,0,0,,0,0,,0,0,
Facebook 360,2023-10-17 17:48:51.958762888,3407447,-0.09%,3481615,-0.17%,0,0,0%,0%,,0,0,0,0,0,0,0,0,0,0,0,,0,0,,0,0,,0,0,,0,0,
Facebook,2023-10-23 09:16:42.061855672,180597680,0.67%,180606850,0.67%,0,0,0%,0%,,0,0,0,0,0,0,0,0,0,0,0,,0,0,,0,0,,0,0,,0,0,
Facebook for Creators,2023-10-29 00:44:32.164948456,1217849,0.88%,1276293,0.82%,10,12339,138.11%,0.10%,"1,233.90",2165,434,9740,7551,4,20,25,5,1971,9,10441,0.10%,0,0,,0,0,,1,1898,0.16%,0,0,
Facebook Community,2023-11-03 16:12:22.268041240,462926,0.20%,591543,0.09%,1,1051,0%,0.18%,"1,051",637,74,340,258,0,2,2,2,70,0,0,,0,0,,0,0,,1,1051,0.23%,0,0,
Facebook Marketing Expert Reminder,2023-11-09 07:40:12.371134016,43303,5.74%,46666,5.46%,0,0,0%,0%,,0,0,0,0,0,0,0,0,0,0,0,,0,0,,0,0,,0,0,,0,0,
Facebook,2023-11-14 23:08:02.474226800,181893496,0.72%,182199738,0.72%,0,0,0%,0%,,0,0,0,0,0,0,0,0,0,0,0,,0,0,,0,0,,0,0,,0,0,
Facebook Community,2023-11-20 14:35:52.577319584,463860,0.20%,592011,0.08%,2,920,-12.46%,0.08%,460,280,37,603,487,4,4,3,0,92,0,0,,0,0,,1,604,0.13%,1,316,0.07%,0,0,
Facebook for Creators,2023-11-26 06:03:42.680412368,1239336,1.76%,1297393,1.65%,2,5209,-57.78%,0.20%,"2,604.50",1134,322,3753,2735,0,4,17,2,959,1,2954,0.24%,0,0,,0,0,,1,2255,0.18%,0,0,
Cricket on Facebook,2023-12-01 21:31:32.783505152,18736677,-0.05%,18934139,-0.05%,5,5784,72.86%,0.01%,"1,156.80",429,829,4526,3762,1,5,51,6,670,0,0,,0,0,,0,0,,4,5650,0.01%,1,134,7.15E-06
Facebook,2023-12-07 12:59:22.886597936,181892849,0.72%,182462418,0.72%,0,0,0%,0%,,0,0,0,0,0,0,0,0,0,0,0,,0,0,,0,0,,0,0,,0,0,
Facebook,2023-12-13 04:27:12.989690720,181895613,0.72%,181896271,0.72%,0,0,0%,0%,,0,0,0,0,0,0,0,0,0,0,0,,0,0,,0,0,,0,0,,0,0,
Facebook,2023-12-18 19:55:03.092783504,181894477,0.72%,186709270,0.79%,0,0,-100%,0%,,0,0,0,0,0,0,0,0,0,0,0,,0,0,,0,0,,0,0,,0,0,
Facebook Security,2023-12-24 11:22:53.195876288,9013941,0.05%,9132077,0.12%,0,0,0%,0%,,0,0,0,0,0,0,0,0,0,0,0,,0,0,,0,0,,0,0,,0,0,
Facebook Marketplace Community,2023-12-30 02:50:43.298969072,19697320,0.49%,22147897,0.43%,12,10201,-15.99%,0%,850.08,2739,315,7147,6544,9,34,14,0,504,6,5595,0.00%,0,0,,0,0,,6,4606,0.00%,0,0,
Facebook Gaming,2024-01-04 18:18:33.402061856,10643642,-0.02%,12934823,0.01%,0,0,0%,0%,,0,0,0,0,0,0,0,0,0,0,0,,0,0,,0,0,,0,0,,0,0,
Facebook 360,2024-01-10 09:46:23.505154640,3404329,-0.09%,3475678,-0.17%,0,0,0%,0%,,0,0,0,0,0,0,0,0,0,0,0,,0,0,,0,0,,0,0,,0,0,
Facebook,2024-01-16 01:14:13.608247424,181895229,0.72%,181904490,0.72%,0,0,0%,0%,,0,0,0,0,0,0,0,0,0,0,0,,0,0,,0,0,,0,0,,0,0,
Facebook,2024-01-21 16:42:03.711340208,181894051,0.72%,182055536,0.71%,0,0,0%,0%,,0,0,0,0,0,0,0,0,0,0,0,,0,0,,0,0,,0,0,,0,0,
Facebook Public Affairs,2024-01-27 08:09:53.814432992,8580,7.97%,12014,9.36%,0,0,0%,0%,,0,0,0,0,0,0,0,0,0,0,0,,0,0,,0,0,,0,0,,0,0,
Facebook,2024-02-01 23:37:43.917525776,183002209,0.61%,187928839,0.65%,1,16058,0%,0.01%,"16,058",3694,573,11791,9667,65,116,114,29,1609,1,16058,0.01%,0,0,,0,0,,0,0,,0,0,
Facebook Marketing Expert Reminder,2024-02-07 15:05:34.020618560,46459,7.29%,49851,6.83%,0,0,0%,0%,,0,0,0,0,0,0,0,0,0,0,0,,0,0,,0,0,,0,0,,0,0,
Cricket on Facebook,2024-02-13 06:33:24.123711336,18732223,-0.02%,18929561,-0.02%,3,636,-89%,0%,212,156,24,456,418,0,2,0,0,30,0,0,,0,0,,0,0,,1,381,0.00%,2,255,6.78E-06
Facebook Security,2024-02-18 22:01:14.226804120,9023029,0.10%,9148424,0.18%,0,0,0%,0%,,0,0,0,0,0,0,0,0,0,0,0,,0,0,,0,0,,0,0,,0,0,
Facebook 360,2024-02-24 13:29:04.329896904,3402812,-0.04%,3471556,-0.12%,0,0,0%,0%,,0,0,0,0,0,0,0,0,0,0,0,,0,0,,0,0,,0,0,,0,0,
Facebook,2024-03-01 04:56:54.432989688,183003071,0.61%,183012444,0.61%,0,0,0%,0%,,0,0,0,0,0,0,0,0,0,0,0,,0,0,,0,0,,0,0,,0,0,
Facebook,2024-03-06 20:24:44.536082472,183001158,0.61%,183002340,0.61%,0,0,0%,0%,,0,0,0,0,0,0,0,0,0,0,0,,0,0,,0,0,,0,0,,0,0,
Facebook,2024-03-12 11:52:34.639175256,183000578,0.61%,183570506,0.61%,0,0,0%,0%,,0,0,0,0,0,0,0,0,0,0,0,,0,0,,0,0,,0,0,,0,0,
Facebook,2024-03-18 03:20:24.742268040,182989811,0.60%,183151197,0.60%,0,0,0%,0%,,0,0,0,0,0,0,0,0,0,0,0,,0,0,,0,0,,0,0,,0,0,
Facebook Public Affairs,2024-03-23 18:48:14.845360824,9637,12.32%,13606,13.25%,0,0,0%,0%,,0,0,0,0,0,0,0,0,0,0,0,,0,0,,0,0,,0,0,,0,0,
Facebook Gaming,2024-03-29 10:16:04.948453608,10642187,-0.01%,12867799,-0.52%,0,0,0%,0%,,0,0,0,0,0,0,0,0,0,0,0,,0,0,,0,0,,0,0,,0,0,
Facebook Community,2024-04-04 01:43:55.051546392,465067,0.26%,592771,0.13%,5,1462,58.91%,0.05%,292.4,446,49,967,775,2,9,0,3,161,0,0,,0,0,,4,1175,0.06%,1,287,0.06%,0,0,
Facebook for Creators,2024-04-09 17:11:45.154639176,1260435,1.70%,1318521,1.63%,1,3009,-42.23%,0.23%,"3,009",722,0,2287,1642,0,1,5,0,605,0,0,,0,0,,1,3009,0.24%,0,0,,0,0,
Facebook,2024-04-15 08:39:35.257731952,183001176,0.61%,183307646,0.61%,0,0,0%,0%,,0,0,0,0,0,0,0,0,0,0,0,,0,0,,0,0,,0,0,,0,0,
Facebook Marketplace Community,2024-04-21 00:07:25.360824736,19706565,0.05%,22238223,0.41%,4,3346,-67.20%,0%,836.5,791,87,2468,2244,9,33,10,0,160,4,3346,0.00%,0,0,,0,0,,0,0,,0,0,
Facebook,2024-04-26 15:35:15.463917520,183143162,0.08%,183144388,0.08%,0,0,0%,0%,,0,0,0,0,0,0,0,0,0,0,0,,0,0,,0,0,,0,0,,0,0,
Facebook Public Affairs,2024-05-02 07:03:05.567010304,10969,13.82%,15843,16.44%,1,55,0%,0.35%,55,10,3,42,38,0,0,0,0,3,0,0,,0,0,,0,0,,1,55,0.50%,0,0,
Facebook 360,2024-05-07 22:30:55.670103088,3401113,-0.05%,3466851,-0.14%,0,0,0%,0%,,0,0,0,0,0,0,0,0,0,0,0,,0,0,,0,0,,0,0,,0,0,
Facebook Gaming,2024-05-13 13:58:45.773195872,10641952,0%,12863308,-0.03%,0,0,0%,0%,,0,0,0,0,0,0,0,0,0,0,0,,0,0,,0,0,,0,0,,0,0,
Facebook,2024-05-19 05:26:35.876288656,183149852,0.09%,183311495,0.09%,0,0,0%,0%,,0,0,0,0,0,0,0,0,0,0,0,,0,0,,0,0,,0,0,,0,0,
Facebook Marketing Expert Reminder,2024-05-24 20:54:25.979381440,49180,5.86%,52667,5.65%,0,0,0%,0%,,0,0,0,0,0,0,0,0,0,0,0,,0,0,,0,0,,0,0,,0,0,
Facebook Community,2024-05-30 12:22:16.082474224,466625,0.34%,593793,0.17%,4,1346,-7.93%,0.06%,336.5,602,24,720,585,4,0,0,0,124,0,0,,0,0,,4,1346,0.07%,0,0,,0,0,
Facebook,2024-06-05 03:50:06.185567008,183143514,0.08%,183152925,0.08%,0,0,0%,0%,,0,0,0,0,0,0,0,0,0,0,0,,0,0,,0,0,,0,0,,0,0,
Facebook Marketplace Community,2024-06-10 19:17:56.288659792,19704056,-0.01%,22341563,0.46%,0,0,-100%,0%,,0,0,0,0,0,0,0,0,0,0,0,,0,0,,0,0,,0,0,,0,0,
Cricket on Facebook,2024-06-16 10:45:46.391752576,18725969,-0.03%,18899783,-0.16%,1,160,-74.84%,0%,160,31,8,121,109,0,0,0,0,12,0,0,,0,0,,0,0,,0,0,,1,160,8.54E-06
Facebook,2024-06-22 02:13:36.494845360,183149856,0.08%,183456139,0.08%,0,0,0%,0%,,0,0,0,0,0,0,0,0,0,0,0,,0,0,,0,0,,0,0,,0,0,
Facebook for Creators,2024-06-27 17:41:26.597938144,1333877,5.83%,1391520,5.54%,12,164087,5353.21%,0.98%,"13,673.92",68336,6066,89685,52118,75,111,360,78,34755,2,23132,0.87%,0,0,,2,4904,0.18%,7,52279,0.56%,1,83772,6.28%
Facebook Security,2024-07-03 09:09:16.701030928,9030134,0.08%,9139310,-0.10%,0,0,0%,0%,,0,0,0,0,0,0,0,0,0,0,0,,0,0,,0,0,,0,0,,0,0,
Facebook,2024-07-09 00:37:06.804123712,183125233,0.07%,183715675,0.08%,0,0,0%,0%,,0,0,0,0,0,0,0,0,0,0,0,,0,0,,0,0,,0,0,,0,0,
Facebook,2024-07-14 16:04:56.907216496,183143302,0.08%,188207385,0.15%,3,54940,242.13%,0.01%,"18,313.33",14809,2180,37951,30248,243,2786,275,146,3697,2,29301,0.01%,0,0,,1,25639,0.01%,0,0,,0,0,
Facebook Marketplace Community,2024-07-20 07:32:47.010309280,19701463,-0.01%,22438114,0.43%,6,5402,0%,0%,900.33,1172,266,3964,3524,6,14,14,4,374,6,5402,0.00%,0,0,,0,0,,0,0,,0,0,
Facebook Gaming,2024-07-25 23:00:37.113402064,10639855,-0.02%,12859581,-0.03%,0,0,0%,0%,,0,0,0,0,0,0,0,0,0,0,0,,0,0,,0,0,,0,0,,0,0,
Facebook Security,2024-07-31 14:28:27.216494848,9032633,0.03%,9143121,0.04%,0,0,0%,0%,,0,0,0,0,0,0,0,0,0,0,0,,0,0,,0,0,,0,0,,0,0,
Facebook Public Affairs,2024-08-06 05:56:17.319587632,12414,13.17%,17994,13.58%,1,37,-32.73%,0.21%,37,7,6,24,20,1,0,0,0,3,0,0,,0,0,,0,0,,1,37,0.30%,0,0,
Facebook,2024-08-11 21:24:07.422680416,183142017,0%,188338220,0.07%,2,199661,263.42%,0.05%,"99,830.50",38568,6137,154956,96405,720,45383,1647,445,9234,0,0,,0,0,,2,199661,0.05%,0,0,,0,0,
Facebook 360,2024-08-17 12:51:57.525773200,3398749,-0.07%,3464382,-0.07%,0,0,0%,0%,,0,0,0,0,0,0,0,0,0,0,0,,0,0,,0,0,,0,0,,0,0,
Facebook,2024-08-23 04:19:47.628865984,183142017,0%,183160888,0.01%,0,0,0%,0%,,0,0,0,0,0,0,0,0,0,0,0,,0,0,,0,0,,0,0,,0,0,
Facebook Community,2024-08-28 19:47:37.731958768,467883,0.27%,595732,0.33%,7,1503,11.66%,0.04%,214.71,519,11,973,788,6,3,0,0,161,0,0,,0,0,,7,1503,0.05%,0,0,,0,0,
Facebook,2024-09-03 11:15:27.835051552,183151133,0%,183313072,0%,0,0,0%,0%,,0,0,0,0,0,0,0,0,0,0,0,,0,0,,0,0,,0,0,,0,0,
Facebook Marketing Expert Reminder,2024-09-09 02:43:17.938144336,51582,4.88%,55228,4.86%,0,0,0%,0%,,0,0,0,0,0,0,0,0,0,0,0,,0,0,,0,0,,0,0,,0,0,
Cricket on Facebook,2024-09-14 18:11:08.041237120,18716891,-0.05%,18881536,-0.10%,3,630,293.75%,0%,210,28,20,582,537,1,1,0,0,43,0,0,,0,0,,0,0,,3,630,0.00%,0,0,
Facebook,2024-09-20 09:38:58.144329888,183142017,0%,183529803,0.04%,0,0,0%,0%,,0,0,0,0,0,0,0,0,0,0,0,,0,0,,0,0,,0,0,,0,0,
Facebook for Creators,2024-09-26 01:06:48.247422672,1373838,3%,1449312,4.15%,5,59071,-64%,0.82%,"11,814.20",26831,2204,30036,17865,11,37,132,11,11171,3,11803,0.29%,0,0,,0,0,,1,5183,0.38%,1,42085,3.06%
Facebook,2024-10-01 16:34:38.350515456,183154470,0.01%,183163900,0.01%,0,0,0%,0%,,0,0,0,0,0,0,0,0,0,0,0,,0,0,,0,0,,0,0,,0,0,
Facebook,2024-10-07 08:02:28.453608240,183142017,0.01%,183717527,0%,0,0,0%,0%,,0,0,0,0,0,0,0,0,0,0,0,,0,0,,0,0,,0,0,,0,0,
Facebook,2024-10-12 23:30:18.556701024,183201441,0.03%,183363427,0.03%,0,0,0%,0%,,0,0,0,0,0,0,0,0,0,0,0,,0,0,,0,0,,0,0,,0,0,
Facebook Gaming,2024-10-18 14:58:08.659793808,10639581,0%,12859150,0%,0,0,0%,0%,,0,0,0,0,0,0,0,0,0,0,0,,0,0,,0,0,,0,0,,0,0,
Facebook,2024-10-24 06:25:58.762886592,183192650,0.03%,183769098,0.03%,0,0,0%,0%,,0,0,0,0,0,0,0,0,0,0,0,,0,0,,0,0,,0,0,,0,0,
Facebook,2024-10-29 21:53:48.865979376,183198666,0.03%,183217666,0.03%,0,0,0%,0%,,0,0,0,0,0,0,0,0,0,0,0,,0,0,,0,0,,0,0,,0,0,
Facebook Security,2024-11-04 13:21:38.969072160,9033868,0.01%,9145237,0.02%,0,0,0%,0%,,0,0,0,0,0,0,0,0,0,0,0,,0,0,,0,0,,0,0,,0,0,
Facebook Marketplace Community,2024-11-10 04:49:29.072164944,19701062,0%,22462831,0.11%,1,631,-88.32%,0%,631,156,17,458,417,0,2,2,0,33,1,631,0.00%,0,0,,0,0,,0,0,,0,0,
Facebook Public Affairs,2024-11-15 20:17:19.175257728,13396,7.91%,19216,6.79%,0,0,-100%,0%,,0,0,0,0,0,0,0,0,0,0,0,,0,0,,0,0,,0,0,,0,0,
Facebook,2024-11-21 11:45:09.278350512,183198666,0.03%,188427457,0.05%,0,0,-100%,0%,,0,0,0,0,0,0,0,0,0,0,0,,0,0,,0,0,,0,0,,0,0,
Facebook for Creators,2024-11-27 03:12:59.381443296,1383397,0.70%,1460622,0.78%,0,0,-100%,0%,,0,0,0,0,0,0,0,0,0,0,0,,0,0,,0,0,,0,0,,0,0,
Facebook Community,2024-12-02 18:40:49.484536080,468275,0.08%,596062,0.06%,0,0,-100%,0%,,0,0,0,0,0,0,0,0,0,0,0,,0,0,,0,0,,0,0,,0,0,
Facebook,2024-12-08 10:08:39.587628864,183198666,0.03%,183586372,0.03%,0,0,0%,0%,,0,0,0,0,0,0,0,0,0,0,0,,0,0,,0,0,,0,0,,0,0,
Facebook Marketing Expert Reminder,2024-12-14 01:36:29.690721648,52374,1.54%,56161,1.69%,0,0,0%,0%,,0,0,0,0,0,0,0,0,0,0,0,,0,0,,0,0,,0,0,,0,0,
Cricket on Facebook,2024-12-19 17:04:19.793814432,18714613,-0.01%,18877590,-0.02%,0,0,-100%,0%,,0,0,0,0,0,0,0,0,0,0,0,,0,0,,0,0,,0,0,,0,0,
Facebook 360,2024-12-25 08:32:09.896907216,3398102,-0.02%,3463333,-0.03%,0,0,0%,0%,,0,0,0,0,0,0,0,0,0,0,0,,0,0,,0,0,,0,0,,0,0,
Facebook,2024-12-31 00:00:00.000000000,183198666,0.02%,183208092,0.02%,0,0,0%,0%,,0,0,0,0,0,0,0,0,0,0,0,,0,0,,0,0,,0,0,,0,0,
